OrgId,MeterId,MeterName,Date,BillingPeriodStartDate,BillingPeriodEndDate,MeterUsage,IPU,Scalar,MetricCategory,OrgName,OrgType,IPURate
80bTjaasFejbEkQynNFnyT,3sY0I8UHjyTiXcLzZI1fqj,Governance Records,2023-11-01 00:00:00.0,2023-10-14 00:00:00.0,2023-11-13 00:00:00.0,0E-10,0E-12,TENK_RECORDS,RECORDS_STORED,Infa NA2,Production,9.500000
80bTjaasFejbEkQynNFnyT,5hflTd89LojbuPtkRvPd8o,Catalog Records,2023-11-01 00:00:00.0,2023-10-14 00:00:00.0,2023-11-13 00:00:00.0,0E-10,0E-12,HUNDREDK_RECORDS,RECORDS_STORED,Infa NA2,Production,0.830000
80bTjaasFejbEkQynNFnyT,6J969du5ipFiRR3hRANP81,Marketplace Records,2023-11-01 00:00:00.0,2023-10-14 00:00:00.0,2023-11-13 00:00:00.0,0E-10,0E-12,TENK_RECORDS,RECORDS_STORED,Infa NA2,Production,41.600000
80bTjaasFejbEkQynNFnyT,3sY0I8UHjyTiXcLzZI1fqj,Governance Records,2023-11-02 00:00:00.0,2023-10-14 00:00:00.0,2023-11-13 00:00:00.0,0E-10,0E-12,TENK_RECORDS,RECORDS_STORED,Infa NA2,Production,9.500000
80bTjaasFejbEkQynNFnyT,5hflTd89LojbuPtkRvPd8o,Catalog Records,2023-11-02 00:00:00.0,2023-10-14 00:00:00.0,2023-11-13 00:00:00.0,0E-10,0E-12,HUNDREDK_RECORDS,RECORDS_STORED,Infa NA2,Production,0.830000
80bTjaasFejbEkQynNFnyT,6J969du5ipFiRR3hRANP81,Marketplace Records,2023-11-02 00:00:00.0,2023-10-14 00:00:00.0,2023-11-13 00:00:00.0,0E-10,0E-12,TENK_RECORDS,RECORDS_STORED,Infa NA2,Production,41.600000
80bTjaasFejbEkQynNFnyT,3sY0I8UHjyTiXcLzZI1fqj,Governance Records,2023-11-03 00:00:00.0,2023-10-14 00:00:00.0,2023-11-13 00:00:00.0,0E-10,0E-12,TENK_RECORDS,RECORDS_STORED,Infa NA2,Production,9.500000
80bTjaasFejbEkQynNFnyT,5hflTd89LojbuPtkRvPd8o,Catalog Records,2023-11-03 00:00:00.0,2023-10-14 00:00:00.0,2023-11-13 00:00:00.0,0E-10,0E-12,HUNDREDK_RECORDS,RECORDS_STORED,Infa NA2,Production,0.830000
80bTjaasFejbEkQynNFnyT,6J969du5ipFiRR3hRANP81,Marketplace Records,2023-11-03 00:00:00.0,2023-10-14 00:00:00.0,2023-11-13 00:00:00.0,0E-10,0E-12,TENK_RECORDS,RECORDS_STORED,Infa NA2,Production,41.600000
80bTjaasFejbEkQynNFnyT,3sY0I8UHjyTiXcLzZI1fqj,Governance Records,2023-11-04 00:00:00.0,2023-10-14 00:00:00.0,2023-11-13 00:00:00.0,0E-10,0E-12,TENK_RECORDS,RECORDS_STORED,Infa NA2,Production,9.500000
80bTjaasFejbEkQynNFnyT,5hflTd89LojbuPtkRvPd8o,Catalog Records,2023-11-04 00:00:00.0,2023-10-14 00:00:00.0,2023-11-13 00:00:00.0,0E-10,0E-12,HUNDREDK_RECORDS,RECORDS_STORED,Infa NA2,Production,0.830000
80bTjaasFejbEkQynNFnyT,6J969du5ipFiRR3hRANP81,Marketplace Records,2023-11-04 00:00:00.0,2023-10-14 00:00:00.0,2023-11-13 00:00:00.0,0E-10,0E-12,TENK_RECORDS,RECORDS_STORED,Infa NA2,Production,41.600000
80bTjaasFejbEkQynNFnyT,3sY0I8UHjyTiXcLzZI1fqj,Governance Records,2023-11-05 00:00:00.0,2023-10-14 00:00:00.0,2023-11-13 00:00:00.0,0E-10,0E-12,TENK_RECORDS,RECORDS_STORED,Infa NA2,Production,9.500000
80bTjaasFejbEkQynNFnyT,5hflTd89LojbuPtkRvPd8o,Catalog Records,2023-11-05 00:00:00.0,2023-10-14 00:00:00.0,2023-11-13 00:00:00.0,0E-10,0E-12,HUNDREDK_RECORDS,RECORDS_STORED,Infa NA2,Production,0.830000
80bTjaasFejbEkQynNFnyT,6J969du5ipFiRR3hRANP81,Marketplace Records,2023-11-05 00:00:00.0,2023-10-14 00:00:00.0,2023-11-13 00:00:00.0,0E-10,0E-12,TENK_RECORDS,RECORDS_STORED,Infa NA2,Production,41.600000
80bTjaasFejbEkQynNFnyT,3sY0I8UHjyTiXcLzZI1fqj,Governance Records,2023-11-06 00:00:00.0,2023-10-14 00:00:00.0,2023-11-13 00:00:00.0,0E-10,0E-12,TENK_RECORDS,RECORDS_STORED,Infa NA2,Production,9.500000
80bTjaasFejbEkQynNFnyT,5hflTd89LojbuPtkRvPd8o,Catalog Records,2023-11-06 00:00:00.0,2023-10-14 00:00:00.0,2023-11-13 00:00:00.0,0E-10,0E-12,HUNDREDK_RECORDS,RECORDS_STORED,Infa NA2,Production,0.830000
80bTjaasFejbEkQynNFnyT,6J969du5ipFiRR3hRANP81,Marketplace Records,2023-11-06 00:00:00.0,2023-10-14 00:00:00.0,2023-11-13 00:00:00.0,0E-10,0E-12,TENK_RECORDS,RECORDS_STORED,Infa NA2,Production,41.600000
80bTjaasFejbEkQynNFnyT,3sY0I8UHjyTiXcLzZI1fqj,Governance Records,2023-11-07 00:00:00.0,2023-10-14 00:00:00.0,2023-11-13 00:00:00.0,0E-10,0E-12,TENK_RECORDS,RECORDS_STORED,Infa NA2,Production,9.500000
80bTjaasFejbEkQynNFnyT,5hflTd89LojbuPtkRvPd8o,Catalog Records,2023-11-07 00:00:00.0,2023-10-14 00:00:00.0,2023-11-13 00:00:00.0,0E-10,0E-12,HUNDREDK_RECORDS,RECORDS_STORED,Infa NA2,Production,0.830000
80bTjaasFejbEkQynNFnyT,6J969du5ipFiRR3hRANP81,Marketplace Records,2023-11-07 00:00:00.0,2023-10-14 00:00:00.0,2023-11-13 00:00:00.0,0E-10,0E-12,TENK_RECORDS,RECORDS_STORED,Infa NA2,Production,41.600000
80bTjaasFejbEkQynNFnyT,a2nB20h1o0lc7k3P9xtWS8,Data Integration,2023-11-07 00:00:00.0,2023-10-14 00:00:00.0,2023-11-13 00:00:00.0,0.0108340000,0.001733440000,HOURS,COMPUTE_UNITS,Infa NA2,Production,0.160000
80bTjaasFejbEkQynNFnyT,3sY0I8UHjyTiXcLzZI1fqj,Governance Records,2023-11-08 00:00:00.0,2023-10-14 00:00:00.0,2023-11-13 00:00:00.0,0E-10,0E-12,TENK_RECORDS,RECORDS_STORED,Infa NA2,Production,9.500000
80bTjaasFejbEkQynNFnyT,5hflTd89LojbuPtkRvPd8o,Catalog Records,2023-11-08 00:00:00.0,2023-10-14 00:00:00.0,2023-11-13 00:00:00.0,0E-10,0E-12,HUNDREDK_RECORDS,RECORDS_STORED,Infa NA2,Production,0.830000
80bTjaasFejbEkQynNFnyT,6J969du5ipFiRR3hRANP81,Marketplace Records,2023-11-08 00:00:00.0,2023-10-14 00:00:00.0,2023-11-13 00:00:00.0,0E-10,0E-12,TENK_RECORDS,RECORDS_STORED,Infa NA2,Production,41.600000
80bTjaasFejbEkQynNFnyT,a2nB20h1o0lc7k3P9xtWS8,Data Integration,2023-11-08 00:00:00.0,2023-10-14 00:00:00.0,2023-11-13 00:00:00.0,0.3769430000,0.060310880000,HOURS,COMPUTE_UNITS,Infa NA2,Production,0.160000
80bTjaasFejbEkQynNFnyT,3e7ccb904b3011eebe5602,Taskflow Run,2023-11-09 00:00:00.0,2023-10-14 00:00:00.0,2023-11-13 00:00:00.0,893.0000000000,0E-12,THOUSAND_RUNS,RUNS,Infa NA2,Production,0.000000
80bTjaasFejbEkQynNFnyT,3sY0I8UHjyTiXcLzZI1fqj,Governance Records,2023-11-09 00:00:00.0,2023-10-14 00:00:00.0,2023-11-13 00:00:00.0,0E-10,0E-12,TENK_RECORDS,RECORDS_STORED,Infa NA2,Production,9.500000
80bTjaasFejbEkQynNFnyT,5hflTd89LojbuPtkRvPd8o,Catalog Records,2023-11-09 00:00:00.0,2023-10-14 00:00:00.0,2023-11-13 00:00:00.0,0E-10,0E-12,HUNDREDK_RECORDS,RECORDS_STORED,Infa NA2,Production,0.830000
80bTjaasFejbEkQynNFnyT,6J969du5ipFiRR3hRANP81,Marketplace Records,2023-11-09 00:00:00.0,2023-10-14 00:00:00.0,2023-11-13 00:00:00.0,0E-10,0E-12,TENK_RECORDS,RECORDS_STORED,Infa NA2,Production,41.600000
80bTjaasFejbEkQynNFnyT,3e7ccb904b3011eebe5602,Taskflow Run,2023-11-10 00:00:00.0,2023-10-14 00:00:00.0,2023-11-13 00:00:00.0,739.0000000000,0E-12,THOUSAND_RUNS,RUNS,Infa NA2,Production,0.000000
80bTjaasFejbEkQynNFnyT,3sY0I8UHjyTiXcLzZI1fqj,Governance Records,2023-11-10 00:00:00.0,2023-10-14 00:00:00.0,2023-11-13 00:00:00.0,0E-10,0E-12,TENK_RECORDS,RECORDS_STORED,Infa NA2,Production,9.500000
80bTjaasFejbEkQynNFnyT,5hflTd89LojbuPtkRvPd8o,Catalog Records,2023-11-10 00:00:00.0,2023-10-14 00:00:00.0,2023-11-13 00:00:00.0,0E-10,0E-12,HUNDREDK_RECORDS,RECORDS_STORED,Infa NA2,Production,0.830000
80bTjaasFejbEkQynNFnyT,6J969du5ipFiRR3hRANP81,Marketplace Records,2023-11-10 00:00:00.0,2023-10-14 00:00:00.0,2023-11-13 00:00:00.0,0E-10,0E-12,TENK_RECORDS,RECORDS_STORED,Infa NA2,Production,41.600000
80bTjaasFejbEkQynNFnyT,a2nB20h1o0lc7k3P9xtWS8,Data Integration,2023-11-10 00:00:00.0,2023-10-14 00:00:00.0,2023-11-13 00:00:00.0,0.2125010000,0.034000160000,HOURS,COMPUTE_UNITS,Infa NA2,Production,0.160000
80bTjaasFejbEkQynNFnyT,3e7ccb904b3011eebe5602,Taskflow Run,2023-11-11 00:00:00.0,2023-10-14 00:00:00.0,2023-11-13 00:00:00.0,574.0000000000,0E-12,THOUSAND_RUNS,RUNS,Infa NA2,Production,0.000000
80bTjaasFejbEkQynNFnyT,3sY0I8UHjyTiXcLzZI1fqj,Governance Records,2023-11-11 00:00:00.0,2023-10-14 00:00:00.0,2023-11-13 00:00:00.0,0E-10,0E-12,TENK_RECORDS,RECORDS_STORED,Infa NA2,Production,9.500000
80bTjaasFejbEkQynNFnyT,5hflTd89LojbuPtkRvPd8o,Catalog Records,2023-11-11 00:00:00.0,2023-10-14 00:00:00.0,2023-11-13 00:00:00.0,0E-10,0E-12,HUNDREDK_RECORDS,RECORDS_STORED,Infa NA2,Production,0.830000
80bTjaasFejbEkQynNFnyT,6J969du5ipFiRR3hRANP81,Marketplace Records,2023-11-11 00:00:00.0,2023-10-14 00:00:00.0,2023-11-13 00:00:00.0,0E-10,0E-12,TENK_RECORDS,RECORDS_STORED,Infa NA2,Production,41.600000
80bTjaasFejbEkQynNFnyT,3e7ccb904b3011eebe5602,Taskflow Run,2023-11-12 00:00:00.0,2023-10-14 00:00:00.0,2023-11-13 00:00:00.0,593.0000000000,0E-12,THOUSAND_RUNS,RUNS,Infa NA2,Production,0.000000
80bTjaasFejbEkQynNFnyT,3sY0I8UHjyTiXcLzZI1fqj,Governance Records,2023-11-12 00:00:00.0,2023-10-14 00:00:00.0,2023-11-13 00:00:00.0,0E-10,0E-12,TENK_RECORDS,RECORDS_STORED,Infa NA2,Production,9.500000
80bTjaasFejbEkQynNFnyT,5hflTd89LojbuPtkRvPd8o,Catalog Records,2023-11-12 00:00:00.0,2023-10-14 00:00:00.0,2023-11-13 00:00:00.0,0E-10,0E-12,HUNDREDK_RECORDS,RECORDS_STORED,Infa NA2,Production,0.830000
80bTjaasFejbEkQynNFnyT,6J969du5ipFiRR3hRANP81,Marketplace Records,2023-11-12 00:00:00.0,2023-10-14 00:00:00.0,2023-11-13 00:00:00.0,0E-10,0E-12,TENK_RECORDS,RECORDS_STORED,Infa NA2,Production,41.600000
80bTjaasFejbEkQynNFnyT,a2nB20h1o0lc7k3P9xtWS8,Data Integration,2023-11-12 00:00:00.0,2023-10-14 00:00:00.0,2023-11-13 00:00:00.0,0.0691670000,0.011066720000,HOURS,COMPUTE_UNITS,Infa NA2,Production,0.160000
80bTjaasFejbEkQynNFnyT,3e7ccb904b3011eebe5602,Taskflow Run,2023-11-13 00:00:00.0,2023-10-14 00:00:00.0,2023-11-13 00:00:00.0,577.0000000000,0E-12,THOUSAND_RUNS,RUNS,Infa NA2,Production,0.000000
80bTjaasFejbEkQynNFnyT,3sY0I8UHjyTiXcLzZI1fqj,Governance Records,2023-11-13 00:00:00.0,2023-10-14 00:00:00.0,2023-11-13 00:00:00.0,0E-10,0E-12,TENK_RECORDS,RECORDS_STORED,Infa NA2,Production,9.500000
80bTjaasFejbEkQynNFnyT,5hflTd89LojbuPtkRvPd8o,Catalog Records,2023-11-13 00:00:00.0,2023-10-14 00:00:00.0,2023-11-13 00:00:00.0,0E-10,0E-12,HUNDREDK_RECORDS,RECORDS_STORED,Infa NA2,Production,0.830000
80bTjaasFejbEkQynNFnyT,6J969du5ipFiRR3hRANP81,Marketplace Records,2023-11-13 00:00:00.0,2023-10-14 00:00:00.0,2023-11-13 00:00:00.0,0E-10,0E-12,TENK_RECORDS,RECORDS_STORED,Infa NA2,Production,41.600000
80bTjaasFejbEkQynNFnyT,a2nB20h1o0lc7k3P9xtWS8,Data Integration,2023-11-13 00:00:00.0,2023-10-14 00:00:00.0,2023-11-13 00:00:00.0,0.0305560000,0.004888960000,HOURS,COMPUTE_UNITS,Infa NA2,Production,0.160000
80bTjaasFejbEkQynNFnyT,3e7ccb904b3011eebe5602,Taskflow Run,2023-11-14 00:00:00.0,2023-11-14 00:00:00.0,2023-12-13 00:00:00.0,573.0000000000,0E-12,THOUSAND_RUNS,RUNS,Infa NA2,Production,0.000000
80bTjaasFejbEkQynNFnyT,3sY0I8UHjyTiXcLzZI1fqj,Governance Records,2023-11-14 00:00:00.0,2023-11-14 00:00:00.0,2023-12-13 00:00:00.0,0E-10,0E-12,TENK_RECORDS,RECORDS_STORED,Infa NA2,Production,9.500000
80bTjaasFejbEkQynNFnyT,5Ariu53Z8gobF4KYsmTg4Z,Sub Organizations,2023-11-14 00:00:00.0,2023-11-14 00:00:00.0,2023-12-13 00:00:00.0,8.0000000000,48.000000000000,PER_ORG,ORGS,Infa NA2,Production,6.000000
80bTjaasFejbEkQynNFnyT,5hflTd89LojbuPtkRvPd8o,Catalog Records,2023-11-14 00:00:00.0,2023-11-14 00:00:00.0,2023-12-13 00:00:00.0,0E-10,0E-12,HUNDREDK_RECORDS,RECORDS_STORED,Infa NA2,Production,0.830000
80bTjaasFejbEkQynNFnyT,6J969du5ipFiRR3hRANP81,Marketplace Records,2023-11-14 00:00:00.0,2023-11-14 00:00:00.0,2023-12-13 00:00:00.0,0E-10,0E-12,TENK_RECORDS,RECORDS_STORED,Infa NA2,Production,41.600000
80bTjaasFejbEkQynNFnyT,3e7ccb904b3011eebe5602,Taskflow Run,2023-11-15 00:00:00.0,2023-11-14 00:00:00.0,2023-12-13 00:00:00.0,578.0000000000,0E-12,THOUSAND_RUNS,RUNS,Infa NA2,Production,0.000000
80bTjaasFejbEkQynNFnyT,3sY0I8UHjyTiXcLzZI1fqj,Governance Records,2023-11-15 00:00:00.0,2023-11-14 00:00:00.0,2023-12-13 00:00:00.0,0E-10,0E-12,TENK_RECORDS,RECORDS_STORED,Infa NA2,Production,9.500000
80bTjaasFejbEkQynNFnyT,5hflTd89LojbuPtkRvPd8o,Catalog Records,2023-11-15 00:00:00.0,2023-11-14 00:00:00.0,2023-12-13 00:00:00.0,0E-10,0E-12,HUNDREDK_RECORDS,RECORDS_STORED,Infa NA2,Production,0.830000
80bTjaasFejbEkQynNFnyT,6J969du5ipFiRR3hRANP81,Marketplace Records,2023-11-15 00:00:00.0,2023-11-14 00:00:00.0,2023-12-13 00:00:00.0,0E-10,0E-12,TENK_RECORDS,RECORDS_STORED,Infa NA2,Production,41.600000
80bTjaasFejbEkQynNFnyT,3e7ccb904b3011eebe5602,Taskflow Run,2023-11-16 00:00:00.0,2023-11-14 00:00:00.0,2023-12-13 00:00:00.0,575.0000000000,0E-12,THOUSAND_RUNS,RUNS,Infa NA2,Production,0.000000
80bTjaasFejbEkQynNFnyT,3sY0I8UHjyTiXcLzZI1fqj,Governance Records,2023-11-16 00:00:00.0,2023-11-14 00:00:00.0,2023-12-13 00:00:00.0,0E-10,0E-12,TENK_RECORDS,RECORDS_STORED,Infa NA2,Production,9.500000
80bTjaasFejbEkQynNFnyT,5hflTd89LojbuPtkRvPd8o,Catalog Records,2023-11-16 00:00:00.0,2023-11-14 00:00:00.0,2023-12-13 00:00:00.0,0E-10,0E-12,HUNDREDK_RECORDS,RECORDS_STORED,Infa NA2,Production,0.830000
80bTjaasFejbEkQynNFnyT,6J969du5ipFiRR3hRANP81,Marketplace Records,2023-11-16 00:00:00.0,2023-11-14 00:00:00.0,2023-12-13 00:00:00.0,0E-10,0E-12,TENK_RECORDS,RECORDS_STORED,Infa NA2,Production,41.600000
80bTjaasFejbEkQynNFnyT,3e7ccb904b3011eebe5602,Taskflow Run,2023-11-17 00:00:00.0,2023-11-14 00:00:00.0,2023-12-13 00:00:00.0,577.0000000000,0E-12,THOUSAND_RUNS,RUNS,Infa NA2,Production,0.000000
80bTjaasFejbEkQynNFnyT,3sY0I8UHjyTiXcLzZI1fqj,Governance Records,2023-11-17 00:00:00.0,2023-11-14 00:00:00.0,2023-12-13 00:00:00.0,0E-10,0E-12,TENK_RECORDS,RECORDS_STORED,Infa NA2,Production,9.500000
80bTjaasFejbEkQynNFnyT,5hflTd89LojbuPtkRvPd8o,Catalog Records,2023-11-17 00:00:00.0,2023-11-14 00:00:00.0,2023-12-13 00:00:00.0,0E-10,0E-12,HUNDREDK_RECORDS,RECORDS_STORED,Infa NA2,Production,0.830000
80bTjaasFejbEkQynNFnyT,6J969du5ipFiRR3hRANP81,Marketplace Records,2023-11-17 00:00:00.0,2023-11-14 00:00:00.0,2023-12-13 00:00:00.0,0E-10,0E-12,TENK_RECORDS,RECORDS_STORED,Infa NA2,Production,41.600000
80bTjaasFejbEkQynNFnyT,3e7ccb904b3011eebe5602,Taskflow Run,2023-11-18 00:00:00.0,2023-11-14 00:00:00.0,2023-12-13 00:00:00.0,575.0000000000,0E-12,THOUSAND_RUNS,RUNS,Infa NA2,Production,0.000000
80bTjaasFejbEkQynNFnyT,3sY0I8UHjyTiXcLzZI1fqj,Governance Records,2023-11-18 00:00:00.0,2023-11-14 00:00:00.0,2023-12-13 00:00:00.0,0E-10,0E-12,TENK_RECORDS,RECORDS_STORED,Infa NA2,Production,9.500000
80bTjaasFejbEkQynNFnyT,5hflTd89LojbuPtkRvPd8o,Catalog Records,2023-11-18 00:00:00.0,2023-11-14 00:00:00.0,2023-12-13 00:00:00.0,0E-10,0E-12,HUNDREDK_RECORDS,RECORDS_STORED,Infa NA2,Production,0.830000
80bTjaasFejbEkQynNFnyT,6J969du5ipFiRR3hRANP81,Marketplace Records,2023-11-18 00:00:00.0,2023-11-14 00:00:00.0,2023-12-13 00:00:00.0,0E-10,0E-12,TENK_RECORDS,RECORDS_STORED,Infa NA2,Production,41.600000
80bTjaasFejbEkQynNFnyT,3e7ccb904b3011eebe5602,Taskflow Run,2023-11-19 00:00:00.0,2023-11-14 00:00:00.0,2023-12-13 00:00:00.0,596.0000000000,0E-12,THOUSAND_RUNS,RUNS,Infa NA2,Production,0.000000
80bTjaasFejbEkQynNFnyT,3sY0I8UHjyTiXcLzZI1fqj,Governance Records,2023-11-19 00:00:00.0,2023-11-14 00:00:00.0,2023-12-13 00:00:00.0,0E-10,0E-12,TENK_RECORDS,RECORDS_STORED,Infa NA2,Production,9.500000
80bTjaasFejbEkQynNFnyT,5hflTd89LojbuPtkRvPd8o,Catalog Records,2023-11-19 00:00:00.0,2023-11-14 00:00:00.0,2023-12-13 00:00:00.0,0E-10,0E-12,HUNDREDK_RECORDS,RECORDS_STORED,Infa NA2,Production,0.830000
80bTjaasFejbEkQynNFnyT,6J969du5ipFiRR3hRANP81,Marketplace Records,2023-11-19 00:00:00.0,2023-11-14 00:00:00.0,2023-12-13 00:00:00.0,0E-10,0E-12,TENK_RECORDS,RECORDS_STORED,Infa NA2,Production,41.600000
80bTjaasFejbEkQynNFnyT,3e7ccb904b3011eebe5602,Taskflow Run,2023-11-20 00:00:00.0,2023-11-14 00:00:00.0,2023-12-13 00:00:00.0,576.0000000000,0E-12,THOUSAND_RUNS,RUNS,Infa NA2,Production,0.000000
80bTjaasFejbEkQynNFnyT,3sY0I8UHjyTiXcLzZI1fqj,Governance Records,2023-11-20 00:00:00.0,2023-11-14 00:00:00.0,2023-12-13 00:00:00.0,0E-10,0E-12,TENK_RECORDS,RECORDS_STORED,Infa NA2,Production,9.500000
80bTjaasFejbEkQynNFnyT,5hflTd89LojbuPtkRvPd8o,Catalog Records,2023-11-20 00:00:00.0,2023-11-14 00:00:00.0,2023-12-13 00:00:00.0,0E-10,0E-12,HUNDREDK_RECORDS,RECORDS_STORED,Infa NA2,Production,0.830000
80bTjaasFejbEkQynNFnyT,6J969du5ipFiRR3hRANP81,Marketplace Records,2023-11-20 00:00:00.0,2023-11-14 00:00:00.0,2023-12-13 00:00:00.0,0E-10,0E-12,TENK_RECORDS,RECORDS_STORED,Infa NA2,Production,41.600000
80bTjaasFejbEkQynNFnyT,3e7ccb904b3011eebe5602,Taskflow Run,2023-11-21 00:00:00.0,2023-11-14 00:00:00.0,2023-12-13 00:00:00.0,577.0000000000,0E-12,THOUSAND_RUNS,RUNS,Infa NA2,Production,0.000000
80bTjaasFejbEkQynNFnyT,3sY0I8UHjyTiXcLzZI1fqj,Governance Records,2023-11-21 00:00:00.0,2023-11-14 00:00:00.0,2023-12-13 00:00:00.0,0E-10,0E-12,TENK_RECORDS,RECORDS_STORED,Infa NA2,Production,9.500000
80bTjaasFejbEkQynNFnyT,5hflTd89LojbuPtkRvPd8o,Catalog Records,2023-11-21 00:00:00.0,2023-11-14 00:00:00.0,2023-12-13 00:00:00.0,0E-10,0E-12,HUNDREDK_RECORDS,RECORDS_STORED,Infa NA2,Production,0.830000
80bTjaasFejbEkQynNFnyT,6J969du5ipFiRR3hRANP81,Marketplace Records,2023-11-21 00:00:00.0,2023-11-14 00:00:00.0,2023-12-13 00:00:00.0,0E-10,0E-12,TENK_RECORDS,RECORDS_STORED,Infa NA2,Production,41.600000
80bTjaasFejbEkQynNFnyT,a2nB20h1o0lc7k3P9xtWS8,Data Integration,2023-11-21 00:00:00.0,2023-11-14 00:00:00.0,2023-12-13 00:00:00.0,0.0263890000,0.004222240000,HOURS,COMPUTE_UNITS,Infa NA2,Production,0.160000
80bTjaasFejbEkQynNFnyT,3e7ccb904b3011eebe5602,Taskflow Run,2023-11-22 00:00:00.0,2023-11-14 00:00:00.0,2023-12-13 00:00:00.0,576.0000000000,0E-12,THOUSAND_RUNS,RUNS,Infa NA2,Production,0.000000
80bTjaasFejbEkQynNFnyT,3sY0I8UHjyTiXcLzZI1fqj,Governance Records,2023-11-22 00:00:00.0,2023-11-14 00:00:00.0,2023-12-13 00:00:00.0,0E-10,0E-12,TENK_RECORDS,RECORDS_STORED,Infa NA2,Production,9.500000
80bTjaasFejbEkQynNFnyT,5hflTd89LojbuPtkRvPd8o,Catalog Records,2023-11-22 00:00:00.0,2023-11-14 00:00:00.0,2023-12-13 00:00:00.0,0E-10,0E-12,HUNDREDK_RECORDS,RECORDS_STORED,Infa NA2,Production,0.830000
80bTjaasFejbEkQynNFnyT,6J969du5ipFiRR3hRANP81,Marketplace Records,2023-11-22 00:00:00.0,2023-11-14 00:00:00.0,2023-12-13 00:00:00.0,0E-10,0E-12,TENK_RECORDS,RECORDS_STORED,Infa NA2,Production,41.600000
80bTjaasFejbEkQynNFnyT,3e7ccb904b3011eebe5602,Taskflow Run,2023-11-23 00:00:00.0,2023-11-14 00:00:00.0,2023-12-13 00:00:00.0,578.0000000000,0E-12,THOUSAND_RUNS,RUNS,Infa NA2,Production,0.000000
80bTjaasFejbEkQynNFnyT,3sY0I8UHjyTiXcLzZI1fqj,Governance Records,2023-11-23 00:00:00.0,2023-11-14 00:00:00.0,2023-12-13 00:00:00.0,0E-10,0E-12,TENK_RECORDS,RECORDS_STORED,Infa NA2,Production,9.500000
80bTjaasFejbEkQynNFnyT,5hflTd89LojbuPtkRvPd8o,Catalog Records,2023-11-23 00:00:00.0,2023-11-14 00:00:00.0,2023-12-13 00:00:00.0,0E-10,0E-12,HUNDREDK_RECORDS,RECORDS_STORED,Infa NA2,Production,0.830000
80bTjaasFejbEkQynNFnyT,6J969du5ipFiRR3hRANP81,Marketplace Records,2023-11-23 00:00:00.0,2023-11-14 00:00:00.0,2023-12-13 00:00:00.0,0E-10,0E-12,TENK_RECORDS,RECORDS_STORED,Infa NA2,Production,41.600000
80bTjaasFejbEkQynNFnyT,3e7ccb904b3011eebe5602,Taskflow Run,2023-11-24 00:00:00.0,2023-11-14 00:00:00.0,2023-12-13 00:00:00.0,574.0000000000,0E-12,THOUSAND_RUNS,RUNS,Infa NA2,Production,0.000000
80bTjaasFejbEkQynNFnyT,3sY0I8UHjyTiXcLzZI1fqj,Governance Records,2023-11-24 00:00:00.0,2023-11-14 00:00:00.0,2023-12-13 00:00:00.0,0E-10,0E-12,TENK_RECORDS,RECORDS_STORED,Infa NA2,Production,9.500000
80bTjaasFejbEkQynNFnyT,5hflTd89LojbuPtkRvPd8o,Catalog Records,2023-11-24 00:00:00.0,2023-11-14 00:00:00.0,2023-12-13 00:00:00.0,0E-10,0E-12,HUNDREDK_RECORDS,RECORDS_STORED,Infa NA2,Production,0.830000
80bTjaasFejbEkQynNFnyT,6J969du5ipFiRR3hRANP81,Marketplace Records,2023-11-24 00:00:00.0,2023-11-14 00:00:00.0,2023-12-13 00:00:00.0,0E-10,0E-12,TENK_RECORDS,RECORDS_STORED,Infa NA2,Production,41.600000
80bTjaasFejbEkQynNFnyT,3e7ccb904b3011eebe5602,Taskflow Run,2023-11-25 00:00:00.0,2023-11-14 00:00:00.0,2023-12-13 00:00:00.0,577.0000000000,0E-12,THOUSAND_RUNS,RUNS,Infa NA2,Production,0.000000
80bTjaasFejbEkQynNFnyT,3sY0I8UHjyTiXcLzZI1fqj,Governance Records,2023-11-25 00:00:00.0,2023-11-14 00:00:00.0,2023-12-13 00:00:00.0,0E-10,0E-12,TENK_RECORDS,RECORDS_STORED,Infa NA2,Production,9.500000
80bTjaasFejbEkQynNFnyT,5hflTd89LojbuPtkRvPd8o,Catalog Records,2023-11-25 00:00:00.0,2023-11-14 00:00:00.0,2023-12-13 00:00:00.0,0E-10,0E-12,HUNDREDK_RECORDS,RECORDS_STORED,Infa NA2,Production,0.830000
80bTjaasFejbEkQynNFnyT,6J969du5ipFiRR3hRANP81,Marketplace Records,2023-11-25 00:00:00.0,2023-11-14 00:00:00.0,2023-12-13 00:00:00.0,0E-10,0E-12,TENK_RECORDS,RECORDS_STORED,Infa NA2,Production,41.600000
80bTjaasFejbEkQynNFnyT,3e7ccb904b3011eebe5602,Taskflow Run,2023-11-26 00:00:00.0,2023-11-14 00:00:00.0,2023-12-13 00:00:00.0,577.0000000000,0E-12,THOUSAND_RUNS,RUNS,Infa NA2,Production,0.000000
80bTjaasFejbEkQynNFnyT,3sY0I8UHjyTiXcLzZI1fqj,Governance Records,2023-11-26 00:00:00.0,2023-11-14 00:00:00.0,2023-12-13 00:00:00.0,0E-10,0E-12,TENK_RECORDS,RECORDS_STORED,Infa NA2,Production,9.500000
80bTjaasFejbEkQynNFnyT,5hflTd89LojbuPtkRvPd8o,Catalog Records,2023-11-26 00:00:00.0,2023-11-14 00:00:00.0,2023-12-13 00:00:00.0,0E-10,0E-12,HUNDREDK_RECORDS,RECORDS_STORED,Infa NA2,Production,0.830000
80bTjaasFejbEkQynNFnyT,6J969du5ipFiRR3hRANP81,Marketplace Records,2023-11-26 00:00:00.0,2023-11-14 00:00:00.0,2023-12-13 00:00:00.0,0E-10,0E-12,TENK_RECORDS,RECORDS_STORED,Infa NA2,Production,41.600000
80bTjaasFejbEkQynNFnyT,3e7ccb904b3011eebe5602,Taskflow Run,2023-11-27 00:00:00.0,2023-11-14 00:00:00.0,2023-12-13 00:00:00.0,574.0000000000,0E-12,THOUSAND_RUNS,RUNS,Infa NA2,Production,0.000000
80bTjaasFejbEkQynNFnyT,3sY0I8UHjyTiXcLzZI1fqj,Governance Records,2023-11-27 00:00:00.0,2023-11-14 00:00:00.0,2023-12-13 00:00:00.0,0E-10,0E-12,TENK_RECORDS,RECORDS_STORED,Infa NA2,Production,9.500000
80bTjaasFejbEkQynNFnyT,5hflTd89LojbuPtkRvPd8o,Catalog Records,2023-11-27 00:00:00.0,2023-11-14 00:00:00.0,2023-12-13 00:00:00.0,0E-10,0E-12,HUNDREDK_RECORDS,RECORDS_STORED,Infa NA2,Production,0.830000
80bTjaasFejbEkQynNFnyT,6J969du5ipFiRR3hRANP81,Marketplace Records,2023-11-27 00:00:00.0,2023-11-14 00:00:00.0,2023-12-13 00:00:00.0,0E-10,0E-12,TENK_RECORDS,RECORDS_STORED,Infa NA2,Production,41.600000
80bTjaasFejbEkQynNFnyT,3e7ccb904b3011eebe5602,Taskflow Run,2023-11-28 00:00:00.0,2023-11-14 00:00:00.0,2023-12-13 00:00:00.0,575.0000000000,0E-12,THOUSAND_RUNS,RUNS,Infa NA2,Production,0.000000
80bTjaasFejbEkQynNFnyT,3sY0I8UHjyTiXcLzZI1fqj,Governance Records,2023-11-28 00:00:00.0,2023-11-14 00:00:00.0,2023-12-13 00:00:00.0,0E-10,0E-12,TENK_RECORDS,RECORDS_STORED,Infa NA2,Production,9.500000
80bTjaasFejbEkQynNFnyT,5hflTd89LojbuPtkRvPd8o,Catalog Records,2023-11-28 00:00:00.0,2023-11-14 00:00:00.0,2023-12-13 00:00:00.0,0E-10,0E-12,HUNDREDK_RECORDS,RECORDS_STORED,Infa NA2,Production,0.830000
80bTjaasFejbEkQynNFnyT,6J969du5ipFiRR3hRANP81,Marketplace Records,2023-11-28 00:00:00.0,2023-11-14 00:00:00.0,2023-12-13 00:00:00.0,0E-10,0E-12,TENK_RECORDS,RECORDS_STORED,Infa NA2,Production,41.600000
80bTjaasFejbEkQynNFnyT,3e7ccb904b3011eebe5602,Taskflow Run,2023-11-29 00:00:00.0,2023-11-14 00:00:00.0,2023-12-13 00:00:00.0,577.0000000000,0E-12,THOUSAND_RUNS,RUNS,Infa NA2,Production,0.000000
80bTjaasFejbEkQynNFnyT,3sY0I8UHjyTiXcLzZI1fqj,Governance Records,2023-11-29 00:00:00.0,2023-11-14 00:00:00.0,2023-12-13 00:00:00.0,0E-10,0E-12,TENK_RECORDS,RECORDS_STORED,Infa NA2,Production,9.500000
80bTjaasFejbEkQynNFnyT,5hflTd89LojbuPtkRvPd8o,Catalog Records,2023-11-29 00:00:00.0,2023-11-14 00:00:00.0,2023-12-13 00:00:00.0,0E-10,0E-12,HUNDREDK_RECORDS,RECORDS_STORED,Infa NA2,Production,0.830000
80bTjaasFejbEkQynNFnyT,6J969du5ipFiRR3hRANP81,Marketplace Records,2023-11-29 00:00:00.0,2023-11-14 00:00:00.0,2023-12-13 00:00:00.0,0E-10,0E-12,TENK_RECORDS,RECORDS_STORED,Infa NA2,Production,41.600000
80bTjaasFejbEkQynNFnyT,a2nB20h1o0lc7k3P9xtWS8,Data Integration,2023-11-29 00:00:00.0,2023-11-14 00:00:00.0,2023-12-13 00:00:00.0,0.1091680000,0.017466880000,HOURS,COMPUTE_UNITS,Infa NA2,Production,0.160000
80bTjaasFejbEkQynNFnyT,3e7ccb904b3011eebe5602,Taskflow Run,2023-11-30 00:00:00.0,2023-11-14 00:00:00.0,2023-12-13 00:00:00.0,576.0000000000,0E-12,THOUSAND_RUNS,RUNS,Infa NA2,Production,0.000000
80bTjaasFejbEkQynNFnyT,3sY0I8UHjyTiXcLzZI1fqj,Governance Records,2023-11-30 00:00:00.0,2023-11-14 00:00:00.0,2023-12-13 00:00:00.0,0E-10,0E-12,TENK_RECORDS,RECORDS_STORED,Infa NA2,Production,9.500000
80bTjaasFejbEkQynNFnyT,5hflTd89LojbuPtkRvPd8o,Catalog Records,2023-11-30 00:00:00.0,2023-11-14 00:00:00.0,2023-12-13 00:00:00.0,0E-10,0E-12,HUNDREDK_RECORDS,RECORDS_STORED,Infa NA2,Production,0.830000
80bTjaasFejbEkQynNFnyT,6J969du5ipFiRR3hRANP81,Marketplace Records,2023-11-30 00:00:00.0,2023-11-14 00:00:00.0,2023-12-13 00:00:00.0,0E-10,0E-12,TENK_RECORDS,RECORDS_STORED,Infa NA2,Production,41.600000
80bTjaasFejbEkQynNFnyT,3e7ccb904b3011eebe5602,Taskflow Run,2023-12-01 00:00:00.0,2023-11-14 00:00:00.0,2023-12-13 00:00:00.0,577.0000000000,0E-12,THOUSAND_RUNS,RUNS,Infa NA2,Production,0.000000
80bTjaasFejbEkQynNFnyT,3sY0I8UHjyTiXcLzZI1fqj,Governance Records,2023-12-01 00:00:00.0,2023-11-14 00:00:00.0,2023-12-13 00:00:00.0,0E-10,0E-12,TENK_RECORDS,RECORDS_STORED,Infa NA2,Production,9.500000
80bTjaasFejbEkQynNFnyT,5hflTd89LojbuPtkRvPd8o,Catalog Records,2023-12-01 00:00:00.0,2023-11-14 00:00:00.0,2023-12-13 00:00:00.0,0E-10,0E-12,HUNDREDK_RECORDS,RECORDS_STORED,Infa NA2,Production,0.830000
80bTjaasFejbEkQynNFnyT,6J969du5ipFiRR3hRANP81,Marketplace Records,2023-12-01 00:00:00.0,2023-11-14 00:00:00.0,2023-12-13 00:00:00.0,0E-10,0E-12,TENK_RECORDS,RECORDS_STORED,Infa NA2,Production,41.600000
80bTjaasFejbEkQynNFnyT,a2nB20h1o0lc7k3P9xtWS8,Data Integration,2023-12-01 00:00:00.0,2023-11-14 00:00:00.0,2023-12-13 00:00:00.0,0.0125000000,0.002000000000,HOURS,COMPUTE_UNITS,Infa NA2,Production,0.160000